_block_number_,_block_timestamp_,instruction_id,from,to,amount,from_owner,to_owner
158569587,2025-09-27T04:37:57.114137,instruction_0_xiauau1c,ombcMNamClMmiZ8R0p5rOUtqCj75NvZDfcCQGYjBbGHD,l9QVTxpb2CNa2ylHNnmRL40B1XP9mn2wMNECmAUlpk33,35.106722,FXC1PCj81yE2vQQIM5BioQTog98JIkfVjP8q6z3CsbFQ,JjG4gKV87HefAkvF4hkhmArefuyqxfmLWKYVRJxT173m
158569587,2025-09-27T04:37:57.114137,instruction_0_xiauau1c,yscgrdHPkjBAAF4vXJRzyXDhlS7ZTgBhMV9TxvasPgMh,TzWBNj6I8eGKlNohkaBpbF1HJnrovb9cXA6bLFcn2iga,205.457633,oViRj7Jva5qBJ0mYlXQc3UWvF11t8os3dekneG4aFS5b,IL18oWfIOarNtvnYFQbA9wrPixwimYSc4dU1tYOsCGhJ
158569587,2025-09-27T04:37:57.114137,instruction_5_rc4aonsg,T5xsPm07wcCWFOSIZ1GXMNAZPh01uB76wYO2TPWFLe0f,aiDMcX8jOMy7jNUMgh8R0k5kxxfIzQiQLCCuvvpO3lFY,208.691634,RlMV40p6M8m6mfYk5o79plnIrN8k3hUo3Pc8tSHJRXEY,VmwveuiySZQWenFhsILqlnLMSm5ZTv42VlVnYIyEgBQg
158569588,2025-09-27T04:47:57.114137,instruction_6_w8etmwdf,P2L2B4BRAVtWNyeCYi9DiNzYrNdUD1uXFAxYb9d0RDhd,36VvItNRT0lpOCXGMMYvFk31b06eeTHzA1EFBxl1j8v2,600.259953,wQdhYAOAX5MJI4t8oyMK7ZNRCGy4qsCV5kAIjVBRucNA,qLBobOkbo4A6icsThyEkHJBQvIdx3nh3v9xc3aUqZrf4
158569588,2025-09-27T04:47:57.114137,instruction_1_acgkpl2v,6I5oeOnC0D1S9dKB4eUmJLhJTgXogblqa6D6rVwSfBfN,zbxo9OkZFFMq3QB2AwRwu4cpFK8yv4V7Z2ZpIQzvCQTQ,671.856373,vJLxjImOe1Xp3sOpMS0kwaZ9a6tsPvGoPEwju9xHfMUT,jKw8Sdi6D6UegFIBvGTjaMWMvcnYdOYnr1wy3IzUPRp9
158569588,2025-09-27T04:47:57.114137,instruction_1_acgkpl2v,JwZSrapPSfiB3uAcfaC5C9qzowt8tkLwA5YPY6jCvxr3,Zj076uQpIsyPECImO53bNoE0UJjCmRV8SSYbIpmHatfg,758.765336,oGz6Xpa8aZasdLNRpsJYFkpVvdHrx9D4l7dZxUKXqlC9,MN1Ky4Fr7KSx00XPql0ofFvPaqq26dGRDC51ikg6NV4I
158569589,2025-09-27T04:57:57.114137,instruction_7_9hjma8b1,Mxr9XZir7yWkTGaNBVV3xETKwMT74tZFDmNcZGcltNxL,w8CsfGYh8891BxRVOPeYlOCBcz5D0gmY6RcLZVWZon0U,136.712616,9KpTcVJc3SqMu9xUR229EdhYfyT9BRxmE69j1gIOobMn,v55kk0iU8JagQ8DmthhEdrtm3uSNuoExPHDvY9eMKC7R
158569589,2025-09-27T04:57:57.114137,instruction_2_2c8756nx,psqO9jtSAbxMXrjkDnyHu0TN8LJj9gOPLDiOiCtpEndI,wVVCY0ApjeanHgTfH5S1DIXBWtMvTcniSIy6Kd19MYPT,365.352036,2rUghxjTDYaqa7T57ybNzDHsbzBXIovhfhnuqFSivRit,tCRyhTrn9QSxqPhm2caNgUZjD0o1rOFkxEIu44j6Rt1g
158569589,2025-09-27T04:57:57.114137,instruction_2_2c8756nx,j6oL0r7ajybXg02cB5rQCatSJUshlqh5kSAot6scQOl2,r9AQqmRh3LdbaqWMkrxlurAVhLunO12PoXft5tTOQJLx,435.197347,yZsSfeVg16UkzN6W3OeSkR8bsuiVfe7PeBv7D0rZIIZu,GujSAtSvxAFxXLTphCSpNYndkcKSaasB91EutkGlMbgB
158569590,2025-09-27T05:07:57.114137,instruction_3_3isgnz5r,qDOePxD5V2jneWLVkkoCpYT5nTTerukJVZMepzaBZwvg,Dh41407aWVe63fn8W5IZmAGsGhFm3VktpebHTxmgaW7n,459.776077,i5BoE1ncYJ4MecehZe8KHJAWEudQQ9sv18STw3rJa0UL,JVqelcEJNtbYuHLNYa1ew7qrbSudaM1G2ayZexACQpoR
158569590,2025-09-27T05:07:57.114137,instruction_3_3isgnz5r,QzCGtNqHad8TxoSZdWH43BvL7Wr18QaNJNzIejh6qe3g,rwVCB3RKq4jcWpu0hkSAfaXjmywlbSzIdGYXnI1Yzwxq,951.631962,4qXd9zNNnMlTbRKQqevzgA2eO4Y8O9MYbQpdrgXBgHdo,HMqCYmjIY4gbQQn17fnfrYe0MsV4eNMJYrgqYVteBSJ5
158569590,2025-09-27T05:07:57.114137,instruction_8_h22qagab,XIk5WT19tyMsXNlraSMVPl0ZzeEQkW4kBLSW4So2LS9d,EvEaDGkp7ApNPVxiKxPSmc48QEN4xTkPa92GzScFcXC5,280.150791,Qt5fLa05uC1NU5unhGLglwWAqU7Cu6LYLIEx4cbo4sf9,MqF1DaEZJYX6NVURl4tipkfjIufwVqph1QtdwcosvOGy
158569591,2025-09-27T05:17:57.114137,instruction_9_587s78go,nu9tGpWOB4JMlTyvefsdhSiAh8in1Nlar1xbS5o6uAXO,OkehWFgtVxO233Gv8bSMtxw88fudvowkhAui7Lydw8ni,860.122873,KjbDfXPpVJ2RVumwuJziDlFHur3KvAAKFUHh9Ge0HfXo,40HUezHYGVEJ8GKaermxU1CwHoSrsxzcmaFbGSuh29Oe
158569591,2025-09-27T05:17:57.114137,instruction_4_uc9mzr5o,sUoEVZCWV8smUQaDYz8JYMtAFRsHd9VKF9FtDvpNsFWi,Wh8FKLfZ3nPn01RCVEH9kzd1vOgK1Y7FpEZCUg9olIVh,411.623752,9Y7twi9U7NtqBk5DxeAJmC3xoJHCu4sgdGxu8m7XdkIe,k9nKaHyDMMu6RZUcAJP59OYOjPz6kBP1rXssxgMm4OJ9
158569591,2025-09-27T05:17:57.114137,instruction_4_uc9mzr5o,kGg22UCzLgInNKYImDBrjnqucNmuxRfLVVxzb0lFYDxY,wX4exnwGFcEsBWWD9U80JGDPfhz1pjarLBUFFtdP0rkF,792.229448,y2NZH62i6995fCiHoKIb59NGn70xAr6rlX2HALXhv4oF,cmaOBftb92bNECgTIt02ksjqIDgCHFsFWr2xpI32wRm8
